Accession ID,Subpopulation,fruitWeight (g),fruitLength (mm),fruitWidth (mm),fruitThickness (mm),stoneWeight (g),stoneLength (mm),stoneWidth (mm),stoneThickness (mm),seedWeight (g),seedLength (mm),seedWidth (mm),seedThickness (mm),brix,Pulp
turpentine,SP2 ,143.9025,92.0866666666666,62.6,55.1,26.2333333333333,62.7916666666666,38.5333333333333,20.6083333333333,16.9416666666666,35.675,28.4166666666666,17.4833333333333,5.485482846251596,20.0666666666666
graham,SP1 ,500.97,107.166666666666,102.0,85.4166666666666,17.3966666666666,,38.9541666666666,18.6333333333333,6.6325,36.235,18.7241666666666,12.8325,28.79689595708001,16.2083333333333
rumani,SP2 ,236.141666666666,63.3799999999999,83.0058333333333,70.38,20.6416666666666,52.3091666666666,42.1941666666666,17.3208333333333,12.32,36.6891666666666,25.0558333333333,11.7608333333333,11.440048445700448,21.2249999999999
sel.num3,SP2 ,153.836666666666,77.7091666666666,57.76,53.8141666666666,13.4358333333333,49.7233333333333,27.6866666666666,15.515,8.49,37.635,18.0216666666666,17.3591666666666,11.44973019909444,19.875
itamaraca,SP2 ,135.71875,61.88125,64.4854166666666,56.32,15.8345833333333,39.615,38.0904166666666,17.9995833333333,9.80083333333333,38.2483333333333,25.4599999999999,14.97375,8.57103386574746,16.1791666666666
royalspecial,SP2 ,240.704722222222,75.1311111111111,72.3211111111111,63.6777777777777,28.5561111111111,52.8338888888888,38.6038888888888,20.0591666666666,14.24,39.8552777777777,25.5880555555555,14.6472222222222,8.429184257115615,12.7833333333333
s-19,SP2 ,154.407647058823,77.6035294117647,59.6470588235294,55.4423529411764,40.4305882352941,52.5505882352941,32.568,16.4470588235294,12.8133333333333,40.4333333333333,23.6363636363636,15.02,3.819079904556818,20.4588235294117
toledo,SP2 ,80.71,61.995,48.4057894736842,43.0952631578947,14.2107894736842,47.5502631578947,26.8702631578947,16.4086842105263,9.62684210526315,42.1380555555555,28.0180555555555,15.7627777777777,5.679487416899691,20.8342105263157
tahar,SP2 ,355.286756756756,100.605945945945,80.7145945945946,72.3159459459459,24.5545945945945,75.5186486486486,40.4451351351351,16.6391666666666,13.0737837837837,42.8064864864864,27.9481081081081,12.4945945945945,14.46925769383175,14.7313513513513
torbet,SP2 ,330.723333333333,77.3483333333333,88.93,76.545,22.6383333333333,53.4216666666666,34.8683333333333,20.74,15.2016666666666,43.69,29.0016666666666,23.52,14.608996539792397,17.1333333333333
tetenene,SP2 ,415.83625,99.5420833333333,84.9833333333333,77.4554166666666,30.7895833333333,78.175,38.9495833333333,27.1404166666666,14.2541666666666,43.9054166666666,27.0791666666666,13.9979166666666,13.50574463766156,16.5716666666666
zillj-12,SP2 ,325.013333333333,103.2675,84.5695833333333,70.2925,25.77125,82.2608333333333,46.1570833333333,18.4058333333333,12.5458333333333,44.2941666666666,31.17375,13.8320833333333,12.611469499280515,21.0541666666666
irwin,SP2,393.400625,107.62875,85.191875,74.1421875,21.621875,79.494375,36.4784375,15.5140625,11.45375,44.9125,23.196875,12.7471875,18.194565688683337,13.396875
ahping,SP2 ,416.841111111111,117.871666666666,86.2811111111111,71.9938888888888,20.8876470588235,87.7205555555555,42.0466666666666,15.4705555555555,10.1166666666666,45.0188888888888,31.4922222222222,10.7694444444444,19.956345965498596,12.7166666666666
chino,SP2 ,495.608823529411,104.102352941176,93.2588235294117,88.5988235294117,34.5982352941176,72.2023529411764,45.4935294117647,22.9011764705882,25.0058823529411,45.4005882352941,33.3611764705882,17.3470588235294,14.32468504003944,20.2470588235294
janardhanpasand,SP1 ,205.116666666666,78.9675,76.24,63.2633333333333,25.0,61.5674999999999,37.0199999999999,21.1554545454545,13.3333333333333,45.6575,26.4633333333333,14.8475,8.20466666666664,20.4833333333333
winters,SP2 ,244.700833333333,89.62,72.4766666666666,66.2116666666666,19.2883333333333,70.3183333333333,34.4125,18.325,12.9081818181818,45.8081818181818,29.1536363636363,15.1354545454545,12.686468504277205,18.7
iris,SP2 ,328.541666666666,119.980833333333,68.82,65.1266666666666,16.5833333333333,105.380833333333,33.4683333333333,14.2366666666666,7.875,46.4866666666666,26.02,11.3083333333333,19.81155778894472,12.4583333333333
purple,SP1 ,91.575,66.9308333333333,54.2233333333333,45.765,17.1425,55.3383333333333,28.9308333333333,18.0525,10.295,46.4875,24.6525,14.685,5.341986291381071,17.4166666666666
namdocmai,SP1,368.516666666666,139.375833333333,74.7133333333333,62.4375,18.1666666666666,118.52,41.725,12.2858333333333,8.20833333333333,46.6816666666666,24.1241666666666,10.1541666666666,20.28532110091747,20.1166666666666
amini,SP1 ,180.041666666666,76.4516666666666,68.2375,59.6541666666666,23.2916666666666,62.8683333333333,36.8075,18.0236363636363,14.375,46.7033333333333,31.9391666666666,15.0424999999999,7.729874776386397,15.7583333333333
naomi,SP2,516.158611111111,120.233333333333,95.9511111111111,84.9627777777777,23.2599999999999,94.3670833333333,39.2377777777777,20.5694444444444,11.4875,46.7858333333333,25.7630555555555,14.3163888888888,22.19082592911063,12.0888888888888
mulgoba,SP2 ,228.35,68.9891666666666,74.5841666666666,65.2158333333333,38.6166666666666,51.7458333333333,35.5991666666666,18.7858333333333,21.3366666666666,47.1891666666666,31.2891666666666,15.9658333333333,5.913249892101866,16.0333333333333
merrittislandsaigon,SP2 ,267.719444444444,97.1922222222222,77.025,69.31,19.6069444444444,68.1733333333333,33.5261111111111,17.3455555555555,12.6109677419354,47.9177419354838,25.4870967741935,13.3129032258064,13.65431748955161,13.9888888888888
gootee,SP1 ,170.15625,75.8999999999999,64.4016666666666,59.80375,27.0345833333333,64.1958333333333,34.9516666666666,19.8037499999999,14.4029166666666,48.2670833333333,27.0925,14.6641666666666,6.294021546475973,19.6333333333333
spiritof76,SP2 ,475.156041666666,112.72625,86.7754166666666,81.0297916666666,27.0687499999999,84.7523529411764,40.2060869565217,17.8335416666666,16.1341666666666,48.4460416666666,32.5854166666666,13.7260416666666,17.553675055799317,17.5916666666666
kalaalphonsesdlg,SP2  ,265.4675,88.1441666666666,75.2808333333333,67.52125,33.6141666666666,63.4204166666666,38.8054166666666,20.1775,22.15,49.505652173913,26.4865217391304,16.28,7.897488658055894,15.9333333333333
lathrop,SP1 ,204.840833333333,80.1754166666666,67.6283333333333,61.58375,35.7858333333333,62.3108333333333,35.0595833333333,22.1345833333333,26.4370833333333,49.5891666666666,30.76125,18.1870833333333,5.7240761008779035,19.565
cowasjeepatelxpiri,SP1 ,345.883333333333,102.708333333333,84.2916666666666,71.4583333333333,26.0583333333333,75.705,40.9125,18.1666666666666,11.125,49.59,26.1741666666666,13.1858333333333,13.273425007994886,16.4083333333333
ruby,SP2,150.780833333333,81.0,58.5833333333333,56.8333333333333,15.7591666666666,,25.7358333333333,16.3216666666666,11.3491666666666,49.6716666666666,21.42,14.2383333333333,9.567817672254264,12.9083333333333
ott,SP2 ,318.69625,98.9854166666666,81.0320833333333,71.1933333333333,24.2779166666666,71.9683333333333,35.2304166666666,17.7458333333333,14.7125,50.0049999999999,26.77875,14.4733333333333,13.127001561776,17.5
peach,SP2 ,274.76,83.3063888888888,77.4563888888888,72.4197222222222,34.2152777777777,56.5219444444444,35.0566666666666,20.4227777777777,16.2233333333333,50.1305555555555,27.8569444444444,16.3522222222222,8.030330830119766,15.1483333333333
carabao,SP1,245.365277777777,116.354166666666,66.25,64.0508333333333,21.2386111111111,96.3104166666666,32.4530555555555,17.3913888888888,10.4675,50.2630555555555,26.7163888888888,14.6436111111111,11.552793000169997,16.4058333333333
tutehau,SP2 ,133.48,70.5954166666666,57.02,56.5191666666666,21.3004166666666,58.5458333333333,32.032875,19.48125,14.8008333333333,50.3520833333333,25.0579166666666,16.7395833333333,6.266544081688562,14.2916666666666
zeylanica,SP1,112.311666666666,75.6666666666666,53.6666666666666,49.9166666666666,23.6583333333333,,30.3841666666666,18.7891666666666,13.7316666666666,50.81,26.055,15.0125,4.747234941880922,12.1666666666666
bullocksheart,SP1 ,262.878260869565,89.8869565217391,72.2343478260869,68.9252173913043,22.2347826086956,63.7117391304347,34.6195652173913,17.1991304347826,13.8347826086956,50.8295652173913,26.271304347826,14.7786956521739,11.822839264763411,14.1739130434782
bombay,SP1,245.822916666666,82.1291666666666,76.05,69.1604166666666,24.6104166666666,62.595,32.54625,19.5766666666666,13.8716666666666,51.0433333333333,27.3029166666666,15.83875,9.988571912300008,17.1166666666666
malindi,SP2 ,453.276111111111,84.695,98.5861111111111,84.6266666666666,29.2902777777777,66.1254166666666,38.7858333333333,22.8755555555555,19.2672222222222,51.0966666666666,31.4558333333333,19.5911111111111,15.475309403006344,12.7361111111111
o.ptommyatkins,SP2,347.108888888888,97.4388888888889,78.7277777777777,75.0530555555555,23.7544444444444,73.4541666666666,35.4733333333333,16.2177777777777,13.1522222222222,51.3563888888888,28.3297222222222,13.0944444444444,14.61237663127367,16.0111111111111
neelum,SP2 ,196.469117647058,79.0120588235294,66.850294117647,61.8949999999999,24.6981818181818,60.6539393939393,39.0590909090909,18.420303030303,17.0791176470588,51.435,31.4067647058823,15.055,7.954800847017224,12.0382352941176
okrongtong,SP1,173.535833333333,95.6091666666666,60.2024999999999,50.8925,26.0024999999999,78.4779166666666,33.7445833333333,14.8679166666666,12.7216666666666,51.5341666666666,27.5175,11.8975,6.673813415376739,19.1375
tenom,SP2 ,199.516666666666,81.14,68.2754166666666,63.2233333333333,28.5208333333333,58.88625,37.5654166666666,22.1604166666666,21.7083333333333,51.5375,32.1379166666666,19.3625,6.995471146822483,13.9416666666666
sdlgofmia-06895,SP2 ,308.6684848484848,105.49363636363564,75.16696969696963,70.6751515151515,26.813636363636363,81.71818181818176,34.549393939393916,17.819090909090846,15.321523022432082,51.74142857142856,28.53180637544271,14.495064935064851,11.51162343900096,16.342424242424215
mamita,SP2 ,288.515277777777,94.035,74.5894444444444,71.2141666666666,21.8902777777777,73.645,33.5486111111111,17.5338888888888,13.9672222222222,51.9075,26.6402777777777,14.6636111111111,13.180064716705802,14.2638888888888
whitealfonso,SP1,267.07,85.9781249999999,74.8310416666666,70.409375,27.435,64.5364583333333,34.6408333333333,19.551875,16.0370833333333,52.0327083333333,26.6891666666666,14.5989583333333,9.734645525788228,18.0708333333333
vallenato,SP2 ,302.938333333333,93.3008333333333,82.2245833333333,72.925,22.5291666666666,64.9033333333333,36.855,15.9566666666666,15.9836363636363,52.1527272727272,30.6186363636363,14.3772727272727,13.446495283891275,13.3791666666666
dot,SP1 ,366.441818181818,99.4822727272727,82.2870454545454,74.1270454545454,26.3790909090909,72.4913636363636,36.8121428571428,18.6515909090909,14.7804545454545,52.3988636363636,28.7438636363636,15.3075,13.89137402212496,19.2113636363636
fernandez,SP1 ,240.023333333333,91.3083333333333,70.7437499999999,66.55125,28.8291666666666,67.98,33.0533333333333,20.2324999999999,16.2308333333333,52.4820833333333,25.3858333333333,15.6966666666666,8.325711808064757,17.0458333333333
suwontip,SP1,279.531818181818,111.98,61.9341666666666,38.3291666666666,33.625,97.2958333333333,37.5008333333333,18.8075,11.4008333333333,52.5941666666666,27.0616666666666,12.1341666666666,8.31321392362284,17.5333333333333
malda,SP1 ,219.040833333333,84.9312499999999,66.7904166666666,64.00875,33.21625,66.7766666666666,33.6775,23.2320833333333,19.5895833333333,52.6591666666666,27.6879166666666,19.3583333333333,6.594387787102186,15.7041666666666
magshimim,SP2 ,415.853333333333,111.204166666666,81.3745833333333,78.0829166666666,25.1945833333333,93.255,35.7658333333333,17.3008333333333,15.66625,53.1058333333333,28.5933333333333,13.8620833333333,16.505664246613865,15.0541666666666
joellen,SP1 ,307.884166666666,103.528333333333,75.3083333333333,68.2220833333333,26.8245833333333,80.2258333333333,38.6504166666666,17.9091666666666,16.22375,53.2604166666666,27.2595833333333,11.9254166666666,11.477686823343005,11.8312499999999
sdlgofwa3-02-05,SP2 ,190.113055555555,80.4152777777777,62.3241666666666,60.1588888888888,27.1105714285714,65.5408571428571,34.4577777777777,20.4780555555555,18.58,53.2677142857142,29.6714285714285,18.0135294117647,7.012506396497341,17.1111111111111
st.maui,SP1 ,391.322222222222,92.5111111111111,83.1777777777777,81.2777777777777,26.1644444444444,64.2666666666666,40.3444444444444,20.6666666666666,16.9888888888888,53.6555555555555,32.2666666666666,18.3444444444444,14.956259554951606,17.7222222222222
okrong,SP1,186.058333333333,103.603333333333,56.5616666666666,50.15,23.1775,96.4566666666666,35.1004166666666,15.5791666666666,13.4904166666666,53.6725,29.6587499999999,13.20125,8.027541077913192,22.3958333333333
sensation,SP2 ,275.615833333333,89.570625,75.6875,70.7420833333333,27.2691666666666,68.2763888888888,39.25125,18.5989583333333,18.7939583333333,53.6820833333333,31.8954166666666,15.629375,10.10723344436636,16.18125
sigsiput,SP2 ,245.677777777777,88.8558823529411,70.3982352941176,64.4758823529411,27.1199999999999,67.2944444444444,35.8422222222222,18.4877777777777,16.5672222222222,53.6922222222222,27.3677777777777,15.1644444444444,9.05891510980007,15.7722222222222
tylerpremier,SP1 ,565.5375,92.2191666666666,108.36375,95.5808333333333,40.665,66.8916666666666,43.1333333333333,22.20625,21.1720833333333,53.7041666666666,32.9691666666666,18.1045833333333,13.907229804500185,13.7083333333333
maya,SP2 ,332.465909090909,83.7031818181818,82.7404545454545,73.9654545454545,31.395909090909,65.5827272727272,40.91,19.545,19.2318181818181,54.0431818181818,33.5918181818181,15.9613636363636,10.589465911887796,16.1954545454545
borshakampong,SP1,266.932083333333,84.8152173913043,80.1230434782608,68.5877272727272,30.2804166666666,65.4608333333333,37.3925,21.42375,17.8791666666666,54.2016666666666,30.5166666666666,17.3270833333333,8.815337195382064,15.9083333333333
s-01,SP2 ,266.693846153846,104.241923076923,75.4030769230769,66.8926923076923,38.281923076923,78.6557142857143,34.4230769230769,21.0638461538461,20.8484615384615,54.2853846153846,35.4080769230769,15.8115384615384,6.96657390011354,14.6246153846153
lily,SP2,582.758333333333,118.268333333333,92.27,90.0724999999999,30.5,96.7966666666666,47.6116666666666,16.2533333333333,16.75,54.3225,37.365,13.0575,19.106830601092884,13.975
madras,SP1 ,348.009583333333,95.4787499999999,79.4916666666666,74.15625,33.6658333333333,81.045,38.4991666666666,20.5195833333333,18.7579166666666,54.4879166666666,26.3375,16.8245833333333,10.337174187479889,14.8958333333333
17502,SP2 ,259.3355,90.532,73.0335,67.0385,25.865,67.26,37.2265,18.7865,16.122,54.497,29.0055,15.936,10.026502996327084,13.3609999999999
diplomatico,SP2 ,308.474615384615,111.774615384615,74.5492307692307,65.5153846153846,29.1746153846153,92.5046153846153,38.6407692307692,21.3684615384615,18.9545454545454,54.5227272727272,32.3163636363636,18.0036363636363,10.573390987950551,14.3846153846153
myatryaut,SP1 ,269.640625,95.4902083333333,72.4260416666666,66.9672916666666,28.8839583333333,75.2536111111111,36.9404166666666,19.828125,20.160625,54.8272916666666,29.2385416666666,16.9727083333333,9.335307227916314,13.74375
burma,SP1 ,237.92652173913,91.1247826086956,69.905652173913,62.6967391304347,26.8139130434782,72.1176086956521,38.4034782608695,18.5939130434782,18.491304347826,54.8941304347826,31.0871739130434,16.7860869565217,8.873248800103779,12.3978260869565
zill,SP2 ,376.151388888888,87.2838888888888,68.9177777777777,59.8602777777777,34.1177777777777,53.1754166666666,38.3025,19.1783333333333,17.5188888888888,54.915,28.5972222222222,14.1680555555555,11.02508467400508,16.2383333333333
langra,SP1 ,352.079583333333,99.0029166666666,81.6383333333333,74.2575,30.32875,82.4808333333333,40.3220833333333,19.705,17.5766666666666,54.9347826086956,31.1130434782608,15.715,11.60877330365851,19.9583333333333
shindiri,SP1 ,279.633333333333,110.168333333333,68.4475,65.0941666666666,28.875,89.9033333333333,33.3441666666666,19.3975,14.5416666666666,55.0183333333333,27.6433333333333,15.5258333333333,9.684271284271272,14.5916666666666
bd1-5,SP2 ,563.379318181818,119.834772727272,94.9404545454545,88.3427272727272,37.0443181818181,92.5034375,41.3429545454545,20.5945454545454,20.5802325581395,55.3731818181818,30.8661363636363,15.633409090909,15.208251786864658,14.6568181818181
o.p.keitt,SP1 ,636.971176470588,163.022666666666,87.735294117647,79.3405882352941,37.9340625,140.205454545454,47.7185294117647,17.480294117647,15.459375,55.4240625,27.7184375,14.4040625,16.791536009901076,17.8617647058823
zebda,SP1 ,332.326,90.823,68.298,53.541,34.2255,84.902,40.4415,21.217,16.6545,55.4455,27.5769999999999,16.192,9.709894669179414,15.285
borsha,SP1 ,319.357142857142,96.9871428571428,77.8721428571428,72.1057142857142,26.3857142857142,74.1221428571428,37.6085714285714,19.0185714285714,17.2785714285714,55.9578571428571,31.3778571428571,16.2721428571428,12.10341093665404,15.95
no.3-3(irwinsdlgo.p.zerifinsel.),SP2 ,507.528125,108.036666666666,89.9479166666666,74.845625,36.3373913043478,80.9239130434782,41.6321739130434,20.2508695652173,18.9855555555555,56.200652173913,29.410652173913,15.5160869565217,13.967104043026715,15.4872340425531
colombokidney,SP2 ,265.433333333333,94.23,72.9766666666666,65.3658333333333,25.625,67.08,33.2725,18.455,16.0833333333333,56.24,27.8008333333333,15.365,10.358373983739824,15.6749999999999
sunset,SP2 ,242.93375,95.4179166666666,74.75625,69.4775,24.8433333333333,72.02,36.3804166666666,17.0870833333333,16.76625,56.3429166666666,31.0891666666666,14.635,9.77862941097546,15.5583333333333
manilita,SP1 ,191.135833333333,100.09875,60.6779166666666,55.405,21.8408333333333,79.8452777777777,31.9989583333333,15.7954166666666,14.0012499999999,56.365625,26.820625,13.5027083333333,8.7513068030066,15.4104166666666
keitt,SP2,708.0,134.926818181818,103.63909090909,91.8054545454545,35.1731818181818,107.197499999999,52.3913636363636,18.0536363636363,16.415909090909,56.475,34.3513636363636,13.1218181818181,20.12897222832479,15.1136363636363
pamkaimia,SP1,202.614166666666,94.2004166666666,64.1958333333333,59.7958333333333,27.9408333333333,72.3541666666666,30.8208333333333,18.6770833333333,17.9170833333333,56.4754166666666,24.2766666666666,15.3620833333333,7.251543440007143,20.6375
long,SP2 ,168.750416666666,88.19625,64.69,55.4858333333333,31.2283333333333,65.8308333333333,37.0204166666666,23.4441666666666,19.3158333333333,56.53875,29.74,19.0345833333333,5.403759940225208,15.9458333333333
duncan,SP1 ,352.679545454545,106.688181818181,79.0181818181818,72.6318181818181,24.9240909090909,78.502,40.3322727272727,17.1740909090909,17.0923809523809,56.6261904761904,32.0466666666666,15.9257142857142,14.150146809403084,13.990909090909
ivory,SP1,350.666666666666,160.416666666666,68.6666666666666,61.75,28.625,139.720833333333,34.1141666666666,16.06,14.1833333333333,56.7066666666666,26.1533333333333,12.83,12.2503639010189,19.2416666666666
hatcher,SP2,673.87409090909,119.573636363636,98.2254545454545,85.9663636363636,32.7704545454545,91.1447619047619,49.9486363636363,17.2980952380952,19.7336363636363,56.7904761904761,33.4195238095238,12.55,20.563464872737363,13.3772727272727
thaieverbearing,SP1,138.687916666666,80.1560416666666,57.8722916666666,50.920625,27.6504166666666,66.4904166666666,32.0183333333333,17.5310416666666,17.2277272727272,56.825238095238,28.6522727272727,15.2497727272727,5.015762270007975,17.525
namtamteem,SP1,280.106857142857,104.600285714285,72.1637142857142,63.446,32.888,89.5008695652173,38.922,18.3348571428571,16.5948571428571,56.8894285714285,27.564,11.7722857142857,8.516992737255443,16.4551428571428
s-10,SP2 ,272.774722222222,98.9944444444444,67.6733333333333,63.4158333333333,28.3108333333333,74.5527777777777,31.0652777777777,19.0369444444444,17.3805555555555,56.9286111111111,26.5402777777777,16.9844444444444,9.634994456382032,15.6138888888888
madoe,SP1 ,264.537083333333,86.1066666666666,70.2914583333333,67.3664583333333,31.5578723404255,72.1317021276595,33.5425531914893,21.1761702127659,18.4951063829787,57.0002127659574,25.6191489361702,16.3710869565217,8.382601985320225,16.4510638297872
z-0,SP2,209.885833333333,92.5833333333333,70.0,59.8333333333333,26.6516666666666,,32.2975,19.4858333333333,17.0408333333333,57.0066666666666,25.8233333333333,16.5058333333333,7.875148521043094,19.55
edgehill,SP1,368.058333333333,114.291666666666,76.3158333333333,72.2375,32.5833333333333,92.5608333333333,36.6566666666666,19.5225,18.625,57.4383333333333,29.0224999999999,16.0183333333333,11.295907928388749,14.7666666666666
angie,SP1 ,343.958148148148,109.258888888888,80.7014814814814,70.2907407407407,19.5811111111111,89.9548148148148,43.4033333333333,15.1344444444444,11.7333333333333,57.5603703703703,30.1062962962962,12.1414814814814,17.565813614783714,15.2925925925925
paheri,SP1,309.7,92.3827272727272,80.72,71.985,30.3333333333333,71.4491666666666,36.8816666666666,20.1591666666666,18.2083333333333,57.7516666666666,31.4325,16.4575,10.20989010989012,16.0416666666666
zill0-29,SP2 ,371.055416666666,96.55,87.5066666666666,79.9541666666666,31.2179166666666,67.215,39.6879166666666,21.03875,20.6491666666666,57.8691666666666,32.1308333333333,17.1266666666666,11.88597626896948,16.5166666666666
cac,SP1 ,443.64375,114.489583333333,87.3741666666666,77.1233333333333,38.9920833333333,82.4120833333333,41.4766666666666,20.60125,20.0958333333333,57.8816666666666,32.6570833333333,16.9991666666666,11.377790363428485,17.7991666666666
chokanon(kuching),SP1,302.393333333333,117.880833333333,73.5320833333333,62.5558333333333,24.6116666666666,95.96,31.915,15.5917391304347,14.4228571428571,57.9438095238095,27.4171428571428,13.4595238095238,12.286584952935618,20.2291666666666
kensington,SP1,498.633428571428,108.588571428571,90.8008571428571,83.4745714285714,42.946,80.8342857142857,44.8617142857142,22.2977142857142,24.2445714285714,57.9508571428571,29.48,16.0317142857142,11.610707133875753,15.3982857142857
carrie,SP1 ,336.995652173913,105.31304347826,80.285652173913,70.4604347826086,26.2173913043478,81.2760869565217,38.2473913043478,18.8469565217391,18.1739130434782,57.951304347826,28.8673913043478,15.65,12.853897180762864,16.4954545454545
zm-10,SP1 ,465.568571428571,107.655714285714,87.2292857142857,74.8871428571428,53.9278571428571,72.3964285714285,42.7149999999999,25.025,24.8530769230769,57.9930769230769,33.8941666666666,18.6592307692307,8.633173949323831,19.2
shwehintha,SP1 ,325.725833333333,127.522222222222,71.0022222222222,64.1094444444444,23.2633333333333,106.86,30.6130555555555,15.4727777777777,13.5661111111111,58.0055555555555,23.7758333333333,12.6063888888888,14.001683622295465,17.8388888888888
ono,SP1 ,261.98625,101.834166666666,75.1279166666666,64.2433333333333,29.34875,78.2616666666666,39.3030434782608,20.5026086956521,16.3465217391304,58.0795652173913,29.0386956521739,16.925652173913,8.926657864474636,17.8458333333333
allen-king-everbearing,SP2 ,358.257083333333,101.98875,81.3295833333333,75.5125,43.9125,84.1691666666666,41.9329166666666,22.4091666666666,22.1847826086956,58.2152173913043,32.2821739130434,16.691304347826,8.158430591137671,16.2041666666666
joz,SP2,587.978888888889,124.104722222222,96.7466666666666,84.8233333333333,35.9675,105.356944444444,50.3552777777777,17.8902777777777,17.8345714285714,58.2934285714285,35.1962857142857,13.9017142857142,16.347505077886673,14.0722222222222
bd3-80,SP2 ,809.745833333333,137.831666666666,111.250416666666,97.0433333333333,36.5295833333333,104.046666666666,47.8633333333333,18.4916666666666,19.2529166666666,58.3320833333333,32.2970833333333,14.9866666666666,22.166851068198163,14.2416666666666
earlygold,SP1 ,349.510555555555,109.6925,80.8886111111111,69.7086111111111,30.9472222222222,88.4674999999999,40.0966666666666,19.3516666666666,20.4041666666666,58.3333333333333,32.2922222222222,15.9211111111111,11.293761780809612,14.9194444444444
parisselectionno.1,SP2 ,346.760769230769,90.5876923076923,85.9834615384615,75.6430769230769,37.066923076923,71.1565384615384,40.7915384615384,22.2792307692307,22.6623076923076,58.3565384615384,31.7638461538461,18.5307692307692,9.354992010293246,16.2192307692307
valenciapride,SP2,516.108333333333,144.153333333333,83.1008333333333,76.3533333333333,38.975,124.7525,42.5766666666666,18.64,24.75,58.43,32.8208333333333,15.7275,13.24203549283728,13.9833333333333
provost,SP2 ,624.674545454545,145.361818181818,92.7215909090909,75.9975,30.8254545454545,113.062272727272,38.8127272727272,18.5638636363636,17.8031818181818,58.4311363636363,28.3156818181818,15.3145454545454,20.26489324053322,12.0022727272727
bd-34-89,SP2,403.840588235294,108.305882352941,88.8691176470588,78.3911764705882,25.4738235294117,84.0181818181818,46.095294117647,15.4767647058823,18.9286363636363,58.7081818181818,36.4877272727272,13.595909090909,15.853159529390066,11.9676470588235
pickering,SP2,285.286666666666,101.416666666666,74.9166666666666,70.6666666666666,22.905,,38.03,15.8158333333333,16.41,58.72,28.6116666666666,13.4683333333333,12.455213563268543,17.45
jehangir,SP1,388.65,93.6641666666666,86.3675,79.9659166666666,37.6941666666666,71.1458333333333,41.7366666666666,22.8275,25.1583333333333,58.9416666666666,31.0758333333333,19.2641666666666,10.310613932306078,14.1416666666666
mapuleha,SP1 ,466.732083333333,107.82875,92.8175,82.9529166666666,30.8729166666666,82.3366666666666,39.5608333333333,18.4191666666666,18.7241666666666,59.2195833333333,31.5679166666666,15.4869565217391,15.117848707740084,14.3291666666666
vandyke,SP2,361.908333333333,103.418333333333,81.2883333333333,75.8074999999999,29.5999999999999,81.0958333333333,40.9516666666666,18.0374999999999,20.4333333333333,59.5108333333333,31.4749999999999,14.6725,12.226632882882914,14.5416666666666
florigon,SP1 ,291.515833333333,92.8,77.3829166666666,71.85375,29.1941666666666,67.5858333333333,35.18125,21.2516666666666,21.43625,59.5316666666666,28.6920833333333,18.7241666666666,9.98541375274742,14.5958333333333
glenn,SP1 ,378.6046875,106.01375,78.220625,76.73625,30.428125,67.97,36.5565625,20.1028125,19.299375,59.5853125,30.7384375,16.87,12.442590120160212,14.96
eldon,SP2 ,381.24625,103.52375,85.4891666666666,75.8904166666666,32.1783333333333,72.4541666666666,39.94625,20.5545833333333,20.6204166666666,59.9408333333333,29.4225,17.37,11.84791785362823,14.4458333333333
o.p.tommyatkins,SP2,453.32791666666645,108.3106249999995,89.82479166666666,86.0979166666666,31.25374999999995,41.00416666666665,41.4172916666666,17.1964583333333,20.35757246376805,59.94778985507239,35.489855072463705,14.761902173913,14.50475276300179,13.955681818181802
ewais,SP1,260.72625,102.444583333333,73.07625,61.8558333333333,27.3616666666666,82.9345833333333,38.9187499999999,16.9054166666666,17.3095833333333,60.0462499999999,33.2791666666666,14.2141666666666,9.528887738320057,20.775
jewel,SP2 ,446.623125,107.066875,87.630625,81.12375,31.099375,88.5899999999999,45.18625,18.41625,18.998125,60.44625,33.89375,14.25375,14.361160795032056,15.21875
fairchild,SP1,253.65,97.5,73.4583333333333,65.75,34.7083333333333,76.8374999999999,35.96,21.6566666666666,20.625,60.8516666666666,29.7541666666666,16.2275,7.308043217286922,19.7249999999999
bd19-21,SP2 ,462.161388888888,107.666111111111,89.5630555555555,79.6911428571428,45.6283333333333,83.2141666666666,45.0524999999999,21.3525,26.4183333333333,60.8705555555555,33.9030555555555,16.3916666666666,10.128824682519378,15.4388888888888
fukuda,SP2,531.202777777777,110.158888888888,90.4211111111111,81.97,35.3505882352941,83.0725,44.0613888888888,19.8008333333333,20.9577777777777,60.9533333333333,33.6966666666666,14.5752777777777,15.026702646136538,16.5527777777777
rootstockofbrooksmia-17728,SP2,358.234999999999,102.375,80.5833333333333,79.125,40.33,,41.0066666666666,24.3572727272727,25.7866666666666,61.0522222222222,34.5766666666666,19.0788888888888,8.882593602777064,17.2
himsagar,SP1,511.875,126.381666666666,91.9416666666666,81.1075,46.65,100.415833333333,47.1316666666666,20.4108333333333,24.8333333333333,61.2791666666666,28.0966666666666,19.3841666666666,10.97266881028939,13.2333333333333
haden,SP2,370.605833333333,96.9166666666666,87.0833333333333,74.3333333333333,27.4916666666666,,39.4883333333333,16.9525,21.7333333333333,61.6055555555555,32.4266666666666,15.26,13.480660806304964,14.825
unknown,SP1 ,354.547777777777,104.335555555555,77.9411111111111,73.1158333333333,36.4133333333333,80.2941666666666,38.3236111111111,21.6611111111111,20.5358333333333,61.6644444444444,29.465,15.7747222222222,9.736756987672392,16.9666666666666
hodson,SP2 ,316.476904761904,100.562619047619,80.1538095238095,70.0954761904761,37.0683333333333,77.8971428571428,42.2930952380952,21.09,23.617619047619,62.9092857142857,32.752619047619,16.9809523809523,8.537662104093457,16.7880952380952
cushman,SP2 ,688.208333333333,126.876666666666,99.7075,91.6358333333333,47.0833333333333,94.6541666666666,42.6766666666666,23.9891666666666,27.5416666666666,62.9391666666666,31.24,17.9566666666666,14.61681415929204,15.5666666666666
step,SP2 ,456.675,154.333333333333,82.6508333333333,75.2008333333333,39.1999999999999,110.8025,41.005,18.9291666666666,24.2416666666666,63.0358333333333,35.225,14.9249999999999,11.649872448979622,14.5
perelouis,SP2 ,247.391666666666,91.91,71.4766666666666,61.2925,36.2083333333333,75.7975,41.2283333333333,22.8858333333333,24.0,63.595,35.1116666666666,19.5508333333333,6.832451093210575,19.7545454545454
heidi,SP2 ,443.209736842105,107.431315789473,92.2244736842105,79.4452631578947,31.325,81.3118421052631,36.1921052631578,22.4652631578947,21.6713157894736,63.7136842105263,30.1505263157894,20.2623684210526,14.148754567984197,17.3973684210526
vanraj,SP2 ,514.740555555555,107.166666666666,92.7944444444444,86.8111111111111,38.6333333333333,81.5666666666666,39.1366666666666,21.9244444444444,29.2867647058823,63.8241176470588,35.1361764705882,19.0047058823529,13.323741731377623,16.8166666666666
manzanacolorada,SP2 ,490.61625,106.73,94.7104166666666,84.7029166666666,39.8275,83.6308333333333,49.3058333333333,20.29375,25.3470833333333,64.175,39.1991666666666,16.9478260869565,12.3185299102379,15.075
piva,SP2 ,423.506923076923,116.417307692307,84.3334615384615,79.0353846153846,37.2853846153846,75.7571428571428,37.3834615384615,22.1534615384615,23.0776923076923,64.4730769230769,31.2911538461538,18.7680769230769,11.358523653318482,12.8307692307692
zilate,SP2,547.108333333333,128.424166666666,88.835,83.2275,39.7916666666666,105.849166666666,43.1925,19.2483333333333,22.3333333333333,64.5966666666666,35.9033333333333,14.9741666666666,13.749319371727765,16.7083333333333
gaylour,SP1 ,312.308333333333,126.969999999999,66.6408333333333,62.7741666666666,28.0833333333333,105.903333333333,28.0566666666666,18.7966666666666,17.125,64.8816666666666,23.775,16.1583333333333,11.120771513353116,16.1083333333333
smith(trec),SP2,553.68,125.225,88.0257692307692,85.4334615384615,40.9230769230769,101.470714285714,43.0965384615384,21.9796153846153,25.9888461538461,65.2073076923077,32.1692307692307,18.316923076923,13.529774436090232,16.1807692307692
brooks,SP2 ,405.983404255319,114.400425531914,79.8802127659574,73.5722916666666,42.12625,94.371875,45.1908333333333,21.6154166666666,27.204375,65.934375,38.3322916666666,18.548125,9.637302258219496,16.5854166666666
sabre,SP2 ,225.313055555555,101.16,68.4644444444444,61.1466666666666,32.445,81.2944444444444,33.1086111111111,21.4122857142857,17.9738888888888,66.0666666666666,24.7744444444444,17.5072222222222,6.944461567438896,10.725
wa2-05-07,SP2,359.266666666666,109.365,81.3875,70.29,38.6666666666666,88.7966666666666,45.8316666666666,19.5558333333333,23.625,66.2058333333333,37.0758333333333,15.795,9.291379310344826,15.575
sandersha,SP2,424.402777777777,140.506944444444,79.1458333333333,71.1255555555555,35.5911764705882,117.944444444444,38.1438888888888,18.7830555555555,23.3722222222222,66.3094444444444,30.4138888888888,17.0911111111111,11.924381823357104,13.2138888888888
hw14,SP1 ,276.435,108.9525,71.9933333333333,61.0133333333333,33.7175,91.1833333333333,39.6916666666666,19.2958333333333,23.3791666666666,66.3433333333333,31.9258333333333,16.7025,8.198561577815674,18.05
mamou,SP1,363.266666666666,138.961666666666,70.5741666666666,66.6225,30.875,121.218333333333,37.11,17.1308333333333,17.9583333333333,66.485,30.3016666666666,14.6091666666666,11.765721997300924,19.2833333333333
kent,SP2 ,715.118387096774,119.660322580645,104.18064516129,94.9219354838709,57.4170967741935,95.2274193548387,54.2725806451612,24.6054838709677,36.2045161290322,66.9109677419354,40.3316129032258,18.6616129032258,12.454798784221856,14.6290322580645
golek,SP1 ,227.808333333333,104.214999999999,67.4425,57.2083333333333,33.875,89.9158333333333,33.0541666666666,20.6608333333333,22.625,67.0083333333333,27.6466666666666,17.8758333333333,6.724969249692487,15.5083333333333
popijukalay,SP1,282.925,118.2,64.7858333333333,61.0491666666666,27.5833333333333,98.0899999999999,29.2808333333333,18.5941666666666,17.625,67.2541666666666,24.385,16.0233333333333,10.25709969788521,22.3833333333333
becky,SP2,659.915833333333,137.25,98.0833333333333,91.6666666666666,46.5808333333333,,44.5241666666666,22.1791666666666,28.7091666666666,67.3,33.8283333333333,17.6483333333333,14.167110936186202,13.25
beverly,SP2,501.144444444444,114.382222222222,95.8705555555555,83.8294444444444,44.4622222222222,92.1216666666666,49.8494444444444,21.3111111111111,29.5011111111111,67.4838888888888,40.6611111111111,17.89,11.271241503398636,14.8333333333333
no.5-4(palmersdlgo.p.-zerifinsel.),SP1 ,580.096086956521,121.72909090909,96.4695454545454,86.5431818181818,57.4622727272727,81.45125,47.9479166666666,24.7420833333333,36.485,67.7208333333333,31.7766666666666,19.8991666666666,10.095251361006406,15.4173913043478
imampasand,SP1 ,440.283333333333,110.693333333333,86.31,77.8933333333333,40.0441666666666,88.7241666666666,43.2725,21.3441666666666,26.7249999999999,68.7708333333333,33.2149999999999,16.9883333333333,10.99494308367845,17.4181818181818
springfels,SP2 ,660.126774193548,137.57,96.5790322580645,92.67,44.6322580645161,109.710416666666,41.956129032258,21.6522580645161,27.1619354838709,68.9967741935483,33.7290322580645,18.1832258064516,14.7903512575889,17.5193548387096
diab,SP1,375.358333333333,128.608333333333,71.4516666666666,66.035,33.6941666666666,98.394,31.5390909090909,19.9654545454545,23.2866666666666,69.3658333333333,26.7291666666666,17.5633333333333,11.140157791902666,16.0833333333333
panchadarakalasa,SP1 ,425.666666666666,105.774999999999,89.0949999999999,76.2316666666666,43.2916666666666,82.8066666666666,47.6708333333333,20.8441666666666,28.2083333333333,69.4525,36.485,18.0508333333333,9.832531280076998,16.3833333333333
hongsa,SP1,499.640999999999,162.74,79.9235,58.3929999999999,38.2825,126.198,40.7935,17.0625,18.6805,70.6985,30.73,14.8139999999999,13.051420361784078,15.605
goldenlippens,SP2 ,603.233888888888,127.271111111111,92.935,89.2433333333333,40.3961111111111,98.9444444444444,41.4244444444444,22.1711111111111,25.6811111111111,71.1411111111111,34.5972222222222,18.4241176470588,14.932969345233987,12.9111111111111
cogshall,SP1 ,353.224999999999,122.358333333333,78.8008333333333,67.7866666666666,35.8333333333333,90.8836363636363,34.5845454545454,27.0208333333333,26.375,71.3658333333333,30.83,18.7,9.857441860465098,17.2166666666666
peddarasam,SP1 ,537.666666666666,145.083333333333,93.25,80.5833333333333,55.9583333333333,124.0175,53.9733333333333,21.1333333333333,26.9749999999999,71.4508333333333,36.2641666666666,16.5933333333333,9.608339538346977,9.92499999999999
siamese,SP1 ,463.491666666666,159.333333333333,79.4091666666666,64.2233333333333,31.2416666666666,132.780833333333,35.145,19.5208333333333,18.575,72.0083333333333,28.5649999999999,16.4916666666666,14.835689517204598,19.8833333333333
aroemanis,SP1 ,298.45,117.598333333333,71.5179166666666,63.7041666666666,38.7795833333333,96.72625,34.1591666666666,21.2016666666666,25.23375,74.0158333333333,25.6254166666666,17.8741666666666,7.69605999720644,16.3125
ameeri,SP1 ,492.091666666666,134.586666666666,83.125,80.1283333333333,49.9779166666666,109.989166666666,39.7229166666666,20.69625,28.1720833333333,77.9420833333333,33.2679166666666,15.88875,9.84618206374482,16.0708333333333
catsaigon,SP1 ,931.329166666666,189.68125,103.295833333333,93.9658333333333,54.4154166666666,156.16875,48.4054166666666,19.8491666666666,32.4183333333333,78.08125,38.9941666666666,16.1025,17.115171098876704,17.3875
