SNP,Importance
NC_058154.1_12656696_T_G,0.23891365276958104
NC_058140.1_3135360_G_T,0.07442344419912394
NC_058142.1_17753741_T_C,0.026106272676495807
NC_058140.1_16142548_A_G,0.020143532808090402
NC_058142.1_17642365_C_T,0.01692142100693644
NC_058138.1_7425953_C_T,0.016659442582457065
NC_058153.1_6851042_G_A,0.01572929774813737
NC_058148.1_4011597_G_A,0.012737892814944727
NC_058156.1_9437676_A_G,0.010690307071121423
NC_058137.1_11717982_C_T,0.009997116836468105
NC_058142.1_6716402_G_A,0.00962078701694679
NC_058149.1_1827136_T_G,0.009601241600739257
NC_058143.1_3354683_C_A,0.008530624127598143
NC_058148.1_14103390_C_T,0.008485536675835202
NC_058143.1_2997001_T_A,0.008309658697943438
NC_058148.1_14165683_C_T,0.008208790834292531
NC_058156.1_9437700_G_C,0.008196424987861817
NC_058155.1_12601679_A_T,0.007749483969157877
NC_058153.1_3993683_G_A,0.007606413374887618
NC_058149.1_9461538_A_G,0.007422342253628671
NC_058142.1_16106967_A_C,0.00726908766483859
NC_058148.1_13940961_A_G,0.006981191133140793
NC_058145.1_663933_T_C,0.006944425645337046
NC_058140.1_11034891_C_T,0.006831846748122833
NC_058148.1_15539090_A_T,0.006808066487047917
NC_058139.1_4949162_G_A,0.006471966952804681
NC_058140.1_13766146_A_G,0.006253097468944694
NC_058144.1_6012239_C_T,0.0058928015724105135
NC_058139.1_22916155_G_A,0.0058850260348615735
NC_058141.1_7240689_C_T,0.0058703051360261375
NC_058155.1_2565345_T_C,0.005807353489827164
NC_058149.1_10128906_A_G,0.0057869810979241775
NC_058148.1_6634496_C_T,0.005708673225214717
NC_058148.1_15621671_A_G,0.005530496857028768
NC_058156.1_9142286_A_C,0.005473937537077492
NC_058155.1_12441789_G_A,0.005310991743564282
NC_058143.1_18045885_A_C,0.005272190254891383
NC_058144.1_6212724_C_T,0.005139906870032801
NC_058140.1_12343085_C_A,0.005016689366160756
NC_058148.1_15250044_A_G,0.0049026390451239335
NC_058153.1_6888718_A_C,0.004851750528752307
NC_058153.1_3397724_T_C,0.004801455967363894
NC_058153.1_6567286_C_T,0.004350384580553577
NC_058148.1_4535445_G_A,0.004319116320280754
NC_058139.1_15658517_A_G,0.0042138183971411666
NC_058150.1_6552633_G_T,0.00413081530782285
NC_058149.1_9517896_C_T,0.00407456039149212
NC_058142.1_8535613_A_T,0.004058523670367978
NC_058142.1_8606657_A_T,0.004033419496098144
NC_058152.1_2193245_T_C,0.00399027944363363
NC_058139.1_9383975_G_A,0.0039137837356888186
NC_058142.1_16155232_A_G,0.003792780541952597
NC_058151.1_14528109_T_C,0.0037781673007802256
NC_058143.1_13302362_A_G,0.00377767287602849
NC_058145.1_747792_G_A,0.0036678904947996345
NC_058144.1_9334450_C_A,0.0035307696259978417
NC_058148.1_15411052_C_A,0.0034741931140587264
NC_058139.1_8862874_A_T,0.003439516630867419
NC_058156.1_12016324_A_G,0.0034362033701406934
NC_058145.1_17269787_A_G,0.003371706272352238
NC_058150.1_7015805_T_G,0.0033649671428301596
NC_058148.1_3554076_T_A,0.0032767369147455876
NC_058151.1_5294426_C_T,0.003181698392372087
NC_058153.1_6769888_C_T,0.0031372602794379712
NC_058150.1_6723502_T_A,0.003060504699860889
NC_058153.1_6562833_A_T,0.0029881511291841322
NC_058148.1_15326248_G_A,0.0029715109339720734
NC_058146.1_5016614_T_C,0.0029340252463652063
NC_058147.1_7618250_G_A,0.0029275672006199125
NC_058148.1_4559546_G_A,0.002907777606298028
NC_058153.1_6585196_A_G,0.0029061609485032916
NC_058153.1_5771936_A_G,0.00289451628711629
NC_058150.1_4761947_A_C,0.0028635195354965825
NC_058151.1_1292444_G_A,0.0028422235008247533
NC_058144.1_209426_T_C,0.002805230319174265
NC_058151.1_14153070_C_T,0.002801308402134448
NC_058139.1_7370128_T_G,0.002713396870967615
NC_058148.1_4527213_G_T,0.0026604527431929007
NC_058142.1_10117937_C_T,0.002609140340452518
NC_058143.1_10614972_T_G,0.002605534894230304
NC_058143.1_9040790_C_T,0.0025608771314562665
NC_058156.1_10066458_A_C,0.0025597482693917786
NC_058153.1_3992876_T_C,0.0025327528336737903
NC_058142.1_8552368_C_G,0.0024128575375118384
NC_058144.1_9307235_A_G,0.00239911262729851
NC_058145.1_8071384_G_T,0.0023789081663854426
NC_058149.1_8212397_C_T,0.0023473045889621153
NC_058140.1_19272120_C_A,0.0022906239324706535
NC_058153.1_6769982_C_T,0.0022664132825576822
NC_058142.1_6711985_C_G,0.0022652989839497778
NC_058153.1_6803343_C_T,0.0022482302100297123
NC_058150.1_8142638_T_C,0.002197802731723354
NC_058148.1_15477603_C_T,0.0021571715654726265
NC_058139.1_22958398_A_C,0.0021396569127062515
NC_058150.1_6552928_A_T,0.0021191567946620116
NC_058147.1_2507594_C_T,0.0021182446144372216
NC_058154.1_8195844_C_T,0.002111820616952478
NC_058138.1_2620063_T_C,0.002089839691017785
NC_058149.1_6911982_T_A,0.002077202527509221
NC_058153.1_6794602_G_A,0.00206175060339905
NC_058142.1_2892042_T_A,0.0020578259170154025
NC_058150.1_7156117_C_A,0.0020427218025119618
NC_058144.1_39192_G_C,0.002039173891269694
NC_058149.1_9561247_A_C,0.002024276397132525
NC_058148.1_6782552_C_T,0.0020030724345956406
NC_058140.1_2340559_G_A,0.0019901878347226318
NC_058139.1_15281467_G_A,0.0019821490767466298
NC_058144.1_9309282_G_A,0.0019791315826107486
NC_058140.1_7247984_G_A,0.0019527427472667916
NC_058146.1_8402400_G_A,0.0019503044303463496
NC_058141.1_17456061_G_A,0.0019301260425230455
NC_058149.1_14114438_C_G,0.0019248444708129787
NC_058144.1_3424095_C_A,0.0019168850749699748
NC_058142.1_8549098_C_G,0.0018985727569621415
NC_058149.1_2550439_G_T,0.0018759153964682815
NC_058137.1_12441518_C_T,0.0018422005759475488
NC_058143.1_17073446_T_A,0.0018239341809577943
NC_058153.1_13343133_C_T,0.001821551945576414
NC_058142.1_6187090_G_A,0.0018073477951332834
NC_058153.1_13359442_C_G,0.0018026674857084856
NC_058140.1_4530428_C_T,0.0018022866638620517
NC_058153.1_6371413_G_A,0.0017994060884719298
NC_058144.1_9512547_C_T,0.0017979842728647639
NC_058139.1_5025320_A_G,0.0017865962419596154
NC_058137.1_12451562_T_C,0.0017783240996890458
NC_058142.1_15917764_G_A,0.0017715955630932814
NC_058151.1_1257502_T_A,0.0017658135557651832
NC_058145.1_17301348_C_T,0.0017652032813988226
NC_058147.1_16803882_A_G,0.0017320273978722793
NC_058156.1_5489177_C_T,0.0017225882122743265
NC_058142.1_17614218_T_G,0.0017149338608940527
NC_058141.1_4534246_G_A,0.0017085727749309347
NC_058153.1_6814840_A_G,0.0017009918789622225
NC_058149.1_9502495_A_G,0.0016975487286165188
NC_058153.1_13358272_C_T,0.0016914149855547281
NC_058148.1_14586046_T_C,0.0016792026256354734
NC_058143.1_17395445_G_A,0.0016721222725176578
NC_058137.1_13126755_G_A,0.0016328775145464975
NC_058140.1_13790876_A_C,0.0016173441726040011
NC_058147.1_4039682_G_A,0.001600593038405108
NC_058139.1_688581_C_T,0.0015799483228304937
NC_058141.1_6508863_T_C,0.0015574018231797613
NC_058145.1_17301337_C_T,0.0015419513249455986
NC_058141.1_13436938_G_A,0.0014959300881623543
NC_058153.1_13358630_C_T,0.0014916571825601226
NC_058154.1_7528611_G_A,0.0014831589009878436
NC_058141.1_17363219_G_C,0.0014396514811347875
NC_058144.1_9174831_T_C,0.0014351637034992926
NC_058153.1_6595491_A_G,0.001434855146387898
NC_058153.1_6812860_C_T,0.0014340270811333729
NC_058141.1_983829_A_T,0.0014253139231583136
NC_058156.1_7789330_A_C,0.0014184989659380837
NC_058141.1_16944108_G_A,0.0014179836372949172
NC_058137.1_14762199_C_T,0.0014162702083557247
NC_058145.1_15488466_C_T,0.0014100748475564511
NC_058142.1_2837564_C_T,0.001374440581853098
NC_058137.1_13674744_A_C,0.0013274391544021709
NC_058151.1_14177890_C_T,0.0013025406211315022
NC_058151.1_14153633_A_T,0.001291977185318028
NC_058144.1_9338423_C_G,0.001251363621490483
NC_058153.1_6402278_C_A,0.0012505439399671547
NC_058142.1_16155496_C_T,0.0012442682742205842
NC_058137.1_9705551_G_C,0.001237274244970761
NC_058152.1_10220895_T_C,0.0012283413431164565
NC_058140.1_19539215_T_C,0.0012087639657722361
NC_058153.1_3102774_A_T,0.0011921666191803994
NC_058153.1_11623544_A_G,0.0011912645146158814
NC_058153.1_6565715_G_A,0.0011500865250073308
NC_058139.1_22953567_G_A,0.0011359306325072899
NC_058142.1_9770124_T_C,0.0011245680580519995
NC_058138.1_13072657_A_T,0.001110326990468611
NC_058151.1_1257814_G_A,0.001105968844748785
NC_058141.1_13432547_T_C,0.0010940793895600925
NC_058146.1_16005056_C_G,0.0010839575139897381
NC_058151.1_14152872_A_G,0.0010742120881101131
NC_058143.1_17396097_G_A,0.0010643637864026728
NC_058149.1_9566649_A_T,0.0010534997726991736
NC_058144.1_11358923_G_C,0.0010517911426388398
NC_058141.1_13437219_T_C,0.001013086440876153
NC_058144.1_5966343_G_C,0.0010053852405443164
NC_058142.1_6185055_A_G,0.001002274061428568
NC_058148.1_2959660_T_A,0.0009811151839814757
NC_058148.1_15331800_A_T,0.0009673039971682223
NC_058153.1_6405668_G_T,0.0009454173318509697
NC_058139.1_9171601_T_A,0.0009415323002387097
NC_058141.1_5268952_G_A,0.0009357862977781442
NC_058153.1_6940485_C_A,0.0009226783850560329
NC_058139.1_17361466_A_T,0.0008937498750479753
NC_058141.1_982840_A_G,0.0008811149548108488
NC_058153.1_2078919_C_A,0.0008602023973804957
NC_058141.1_982846_T_C,0.0008601245098884609
NC_058147.1_3013279_G_C,0.0008586988783652529
NC_058141.1_984602_C_G,0.0008575852234531377
NC_058146.1_10421297_A_C,0.0008558039353148456
NC_058156.1_7789216_G_A,0.0008352077272747756
NC_058139.1_176151_G_A,0.0008318617739057029
NC_058151.1_14193484_A_G,0.000826807715071763
NC_058153.1_6428682_G_A,0.0008218276667785351
NC_058137.1_20414056_A_G,0.000820217600493394
NC_058142.1_8605742_T_C,0.0007979876895782933
NC_058152.1_4895576_C_T,0.0007914856910997681
NC_058149.1_9541929_A_T,0.0007900494262211063
NC_058149.1_9538748_T_A,0.0007730235485952563
NC_058151.1_14194166_G_C,0.0007663071442805934
NC_058153.1_6814879_A_T,0.0007648982381082956
NC_058148.1_4529267_A_G,0.0007422171556307343
NC_058153.1_6570889_T_C,0.0007373411597239634
NC_058140.1_19513745_A_G,0.0007330500482566378
NC_058144.1_11358905_T_C,0.0007220988937373997
NC_058148.1_720782_C_A,0.0007074038821716229
NC_058139.1_22953219_G_T,0.0007070243378823744
NC_058156.1_7788651_A_G,0.0006993580400551141
NC_058141.1_5294589_T_C,0.0006883269449168858
NC_058139.1_22942034_G_A,0.0006847730995762865
NC_058152.1_5139746_C_G,0.0006590885548068793
NC_058142.1_16155325_C_T,0.0006563730551535444
NC_058150.1_8486514_T_C,0.0006554961060599125
NC_058149.1_9566590_G_C,0.0006512727763486615
NC_058152.1_5128902_G_A,0.0006399248889106992
NC_058145.1_15682600_T_C,0.0006260896776317175
NC_058140.1_19615584_T_C,0.0006256119514553159
NC_058148.1_4622509_C_T,0.0005935584301188665
NC_058152.1_13554725_G_A,0.0005879820013177776
NC_058148.1_4595643_G_A,0.0005821234679498613
NC_058141.1_5238891_G_A,0.0005318843686089966
NC_058152.1_10197799_C_A,0.0005270591927414638
NC_058148.1_4614718_T_C,0.000521600422937777
NC_058148.1_4624658_T_C,0.0005190266502089755
NC_058153.1_6559044_T_G,0.000510522788086282
NC_058151.1_14182505_A_C,0.0005026179052485635
NC_058153.1_6402300_T_C,0.0005019103342649075
NC_058153.1_6794096_A_G,0.0004978722230707649
NC_058142.1_6277777_C_A,0.00047972463053905516
NC_058141.1_5296542_C_T,0.00045524824596118523
NC_058148.1_4563679_G_A,0.0004551270080665885
NC_058148.1_4467511_C_T,0.0004543949128680467
NC_058148.1_4567762_C_T,0.0004414757964416468
NC_058152.1_5147960_G_A,0.00043622160655349687
NC_058150.1_8475311_C_A,0.0004314199754138814
NC_058153.1_13303366_C_T,0.00042079010075900025
NC_058153.1_6791979_T_G,0.00041458988582646566
NC_058141.1_5232833_G_A,0.00041158843882687247
NC_058148.1_4622247_G_C,0.00040522154308245595
NC_058141.1_5244638_G_A,0.00039501567838521787
NC_058141.1_5233274_C_T,0.00039342926334073294
NC_058148.1_4568774_G_C,0.0003849453460447848
NC_058149.1_9562638_A_C,0.00038235019238264106
NC_058141.1_5224113_A_C,0.0003385828671624629
NC_058141.1_5238989_C_T,0.0003069610506438138
NC_058140.1_19615585_G_A,0.0003001635903169995
NC_058148.1_4565397_G_A,0.0002850905278948363
NC_058148.1_4596118_C_T,0.0002441955180453175
NC_058148.1_4566462_G_A,0.00022264126411073606
NC_058141.1_5297570_C_T,0.00021580841116304516
NC_058148.1_4568794_G_A,0.0001996167247887844
NC_058141.1_5263457_G_A,0.00019349243042754067
NC_058149.1_9516319_G_A,0.0001849854989521849
NC_058141.1_5251404_G_A,0.00017977800457263655
NC_058141.1_5278011_C_T,0.00016357208364056213
NC_058150.1_8490020_C_T,0.00015168983763325872
